,mean,std,variance,entropy,dynamic_range,rms_contrast,mean_red,mean_green,mean_blue,colorfulness,red_ratio,mean_saturation,mean_value,contrast,correlation,energy,homogeneity,ASM,dissimilarity,glcm_entropy,glcm_variance,edge_density,gradient,laplacian_variance,keypoint_density
mean,1.0,0.45713229446954956,0.4433079823986055,0.6139102585809182,0.13902039062653188,0.45713229446954956,0.8079791393211357,0.9620426031639695,0.7757987486517672,0.20007183614127083,0.24262787618615858,-0.175671547599825,0.8900702953710853,-0.001086537342535852,0.13896780635386452,-0.6780703404027071,-0.5318723433444631,-0.6588866908386869,0.1152323127582007,0.5654835545047603,-0.6588713715353195,0.19513672636919063,0.17377186965346134,-0.0027062066684738623,0.1887907322552778
std,0.45713229446954956,1.0,0.9916801358546146,0.13922617514091631,0.4192330931731992,1.0,0.4922322694413321,0.3758150115080612,0.33505421751927505,0.45004747524125194,0.2970192915224646,-0.3321966281174853,0.3646800720474718,0.2628845529561354,0.05528729049641734,0.15765001377636406,-0.02831804942293054,0.1394782520181105,0.24190929754076518,0.10138943762985052,0.139455524856664,0.22128246398911228,0.3395761918869133,0.2640460605245307,0.19060225538853143
variance,0.4433079823986055,0.9916801358546146,1.0,0.11753956730453188,0.3905832604319623,0.9916801358546148,0.47811806507327353,0.3641853470923872,0.32411287635439,0.4446657594522648,0.2879096059309011,-0.32719447210436314,0.3500047383175487,0.24589302284162906,0.06725705885532827,0.1690392036874407,-4.383896953436555e-05,0.15543461652791196,0.21777115240590691,0.07476458486363959,0.15542841729834322,0.19122823772282838,0.31360075707345547,0.24910836579018714,0.16185121127941995
entropy,0.6139102585809182,0.13922617514091631,0.11753956730453188,1.0,0.28305938631234456,0.1392261751409165,0.4673066366905327,0.5974553598895425,0.5207499890644223,0.055165248936504443,0.10106591486260333,0.14999920940786693,0.6124263340718434,0.34120144497419896,-0.32364173630369614,-0.8713153464109366,-0.8473788850834582,-0.8671999891503454,0.5148856930265944,0.9572019103716815,-0.867223450574087,0.5850194994019347,0.5764165301402494,0.3000039268262646,0.5452616506277755
dynamic_range,0.13902039062653188,0.4192330931731992,0.3905832604319623,0.28305938631234456,1.0,0.4192330931731993,0.22213701605298394,0.05685797049565935,0.1875632845599829,0.29092976489845523,0.16371125000734849,-0.11531792890722636,0.1429906006292951,0.384615164267099,-0.3133698315242855,-0.0034206693623099857,-0.258454989909025,-0.0035320685134620743,0.42894687011403476,0.3101535475396579,-0.003548434503688474,0.41764823346781715,0.4685728995655056,0.36410141277730346,0.3309882143131298
rms_contrast,0.45713229446954956,1.0,0.9916801358546148,0.1392261751409165,0.4192330931731993,1.0,0.4922322694413321,0.3758150115080612,0.33505421751927505,0.45004747524125194,0.2970192915224646,-0.3321966281174853,0.3646800720474718,0.2628845529561354,0.05528729049641734,0.15765001377636406,-0.02831804942293054,0.1394782520181105,0.24190929754076518,0.10138943762985052,0.139455524856664,0.22128246398911228,0.3395761918869133,0.2640460605245307,0.19060225538853143
mean_red,0.8079791393211357,0.4922322694413321,0.47811806507327353,0.4673066366905327,0.22213701605298394,0.4922322694413321,1.0,0.6287888684274603,0.4126865621965035,0.605760009844035,0.7401357792334509,-0.6414958904409145,0.5335337061684523,0.08010904236964338,0.08501610255506908,-0.4631647692851954,-0.45513488968648474,-0.44915344974280985,0.19052610456320976,0.4581666462337211,-0.4491576052566981,0.2751989197497182,0.24321781888997507,0.06624147423029554,0.2606216718533742
mean_green,0.9620426031639695,0.3758150115080612,0.3641853470923872,0.5974553598895425,0.05685797049565935,0.3758150115080612,0.6287888684274603,1.0,0.7840247621704853,-0.017840259246155052,0.02014108836091518,0.040988061261196036,0.9132242252658687,-0.048060496328765696,0.15868696269012056,-0.6896827636285383,-0.5040891614881496,-0.6702983142152447,0.06129089480316944,0.5404540547780243,-0.6702832422114625,0.14137830779934835,0.12029434111849348,-0.04632700700509133,0.14951653896892017
mean_blue,0.7757987486517672,0.33505421751927505,0.32411287635439,0.5207499890644223,0.1875632845599829,0.33505421751927505,0.4126865621965035,0.7840247621704853,1.0,-0.018491822430660727,-0.2435539176551337,0.1902166217086523,0.9158517431671996,0.010194303079550132,0.05888298129806592,-0.5727490617964249,-0.3808669321585236,-0.5583848480440934,0.06820461774075938,0.45280369825339617,-0.5583295927894275,0.05949653156730526,0.08567135452669622,0.02697206162820026,0.010093005044625262
colorfulness,0.20007183614127083,0.45004747524125194,0.4446657594522648,0.055165248936504443,0.29092976489845523,0.45004747524125194,0.605760009844035,-0.017840259246155052,-0.018491822430660727,1.0,0.7104851013932537,-0.7821043839178756,-0.06253353848978593,0.12174076287144346,0.044375298292256296,0.09293907823485889,-0.06385225302096988,0.06465107561067898,0.1569739353658698,0.06591096739676162,0.06461123536177149,0.18628876255886007,0.18329043680368431,0.10832052965121651,0.14846900290064124
red_ratio,0.24262787618615858,0.2970192915224646,0.2879096059309011,0.10106591486260333,0.16371125000734849,0.2970192915224646,0.7401357792334509,0.02014108836091518,-0.2435539176551337,0.7104851013932537,1.0,-0.8346684919602407,-0.11060648363528182,0.1084341680819148,0.018043490984582466,-0.03247110478081998,-0.16256163484239325,-0.024823377261125462,0.16769738712711657,0.13275533523204108,-0.024885178346447233,0.23496651879965363,0.20265444544475977,0.08473533788949472,0.23836801877737562
mean_saturation,-0.175671547599825,-0.3321966281174853,-0.32719447210436314,0.14999920940786693,-0.11531792890722636,-0.3321966281174853,-0.6414958904409145,0.040988061261196036,0.1902166217086523,-0.7821043839178756,-0.8346684919602407,1.0,0.21186397334909648,0.054737670864062,-0.19422054214487547,-0.18453438990168952,-0.034006362331155116,-0.1783837750261352,0.011899071578056352,0.10589058437462315,-0.17835911337114188,-0.092780113908168,-0.022378193460547202,0.06439195554374136,-0.11868448077977681
mean_value,0.8900702953710853,0.3646800720474718,0.3500047383175487,0.6124263340718434,0.1429906006292951,0.3646800720474718,0.5335337061684523,0.9132242252658687,0.9158517431671996,-0.06253353848978593,-0.11060648363528182,0.21186397334909648,1.0,0.039311970736920256,0.04929723170070638,-0.6739237638821352,-0.4711328236059239,-0.6521816466357037,0.1108592912647602,0.5427687832857842,-0.6521255117557,0.1093532413315077,0.13795657237359604,0.049200803587875284,0.07068995249466506
contrast,-0.001086537342535852,0.2628845529561354,0.24589302284162906,0.34120144497419896,0.384615164267099,0.2628845529561354,0.08010904236964338,-0.048060496328765696,0.010194303079550132,0.12174076287144346,0.1084341680819148,0.054737670864062,0.039311970736920256,1.0,-0.912543302919197,-0.06806016661589853,-0.39150198306086037,-0.06158148056878343,0.9446930233814382,0.4649364490657801,-0.06160914691143815,0.6978101946844563,0.8453227142397735,0.9857810312523502,0.44541630256596404
correlation,0.13896780635386452,0.05528729049641734,0.06725705885532827,-0.32364173630369614,-0.3133698315242855,0.05528729049641734,0.08501610255506908,0.15868696269012056,0.05888298129806592,0.044375298292256296,0.018043490984582466,-0.19422054214487547,0.04929723170070638,-0.912543302919197,1.0,0.135889969013774,0.41358013223439977,0.11389066003481194,-0.8851646712282925,-0.4661701285235948,0.11392362612047675,-0.6623631736159796,-0.7551383159310672,-0.896288312000923,-0.40367903827522805
energy,-0.6780703404027071,0.15765001377636406,0.1690392036874407,-0.8713153464109366,-0.0034206693623099857,0.15765001377636406,-0.4631647692851954,-0.6896827636285383,-0.5727490617964249,0.09293907823485889,-0.03247110478081998,-0.18453438990168952,-0.6739237638821352,-0.06806016661589853,0.135889969013774,1.0,0.7797579841958759,0.9832725534037368,-0.2368218284402553,-0.8297124662843361,0.9832563896448471,-0.3144773051010569,-0.2544442747505163,-0.042804682640693564,-0.30443039733879834
homogeneity,-0.5318723433444631,-0.02831804942293054,-4.383896953436555e-05,-0.8473788850834582,-0.258454989909025,-0.02831804942293054,-0.45513488968648474,-0.5040891614881496,-0.3808669321585236,-0.06385225302096988,-0.16256163484239325,-0.034006362331155116,-0.4711328236059239,-0.39150198306086037,0.41358013223439977,0.7797579841958759,1.0,0.7767423689706885,-0.6168795540124142,-0.9505072854963844,0.776802672174022,-0.6999027258495477,-0.6259000814496825,-0.35791951369452624,-0.6164305097786388
ASM,-0.6588866908386869,0.1394782520181105,0.15543461652791196,-0.8671999891503454,-0.0035320685134620743,0.1394782520181105,-0.44915344974280985,-0.6702983142152447,-0.5583848480440934,0.06465107561067898,-0.024823377261125462,-0.1783837750261352,-0.6521816466357037,-0.06158148056878343,0.11389066003481194,0.9832725534037368,0.7767423689706885,1.0,-0.23301516047496856,-0.8246626466825336,0.9999970742564784,-0.32046594205178086,-0.2563874717982498,-0.03421096025798572,-0.3152188433146341
dissimilarity,0.1152323127582007,0.24190929754076518,0.21777115240590691,0.5148856930265944,0.42894687011403476,0.24190929754076518,0.19052610456320976,0.06129089480316944,0.06820461774075938,0.1569739353658698,0.16769738712711657,0.011899071578056352,0.1108592912647602,0.9446930233814382,-0.8851646712282925,-0.2368218284402553,-0.6168795540124142,-0.23301516047496856,1.0,0.6644718911004185,-0.2330653159650156,0.8664111901550059,0.9353583106362126,0.9149546793106017,0.6256714438494293
glcm_entropy,0.5654835545047603,0.10138943762985052,0.07476458486363959,0.9572019103716815,0.3101535475396579,0.10138943762985052,0.4581666462337211,0.5404540547780243,0.45280369825339617,0.06591096739676162,0.13275533523204108,0.10589058437462315,0.5427687832857842,0.4649364490657801,-0.4661701285235948,-0.8297124662843361,-0.9505072854963844,-0.8246626466825336,0.6644718911004185,1.0,-0.8247077502574999,0.7293344385545724,0.694518302369746,0.4239121820532816,0.6396492608717866
glcm_variance,-0.6588713715353195,0.139455524856664,0.15542841729834322,-0.867223450574087,-0.003548434503688474,0.139455524856664,-0.4491576052566981,-0.6702832422114625,-0.5583295927894275,0.06461123536177149,-0.024885178346447233,-0.17835911337114188,-0.6521255117557,-0.06160914691143815,0.11392362612047675,0.9832563896448471,0.776802672174022,0.9999970742564784,-0.2330653159650156,-0.8247077502574999,1.0,-0.3206015019187532,-0.2565007115378966,-0.03421385161055318,-0.31544164129641666
edge_density,0.19513672636919063,0.22128246398911228,0.19122823772282838,0.5850194994019347,0.41764823346781715,0.22128246398911228,0.2751989197497182,0.14137830779934835,0.05949653156730526,0.18628876255886007,0.23496651879965363,-0.092780113908168,0.1093532413315077,0.6978101946844563,-0.6623631736159796,-0.3144773051010569,-0.6999027258495477,-0.32046594205178086,0.8664111901550059,0.7293344385545724,-0.3206015019187532,1.0,0.931529748949544,0.6466774724339847,0.8854976801537746
gradient,0.17377186965346134,0.3395761918869133,0.31360075707345547,0.5764165301402494,0.4685728995655056,0.3395761918869133,0.24321781888997507,0.12029434111849348,0.08567135452669622,0.18329043680368431,0.20265444544475977,-0.022378193460547202,0.13795657237359604,0.8453227142397735,-0.7551383159310672,-0.2544442747505163,-0.6259000814496825,-0.2563874717982498,0.9353583106362126,0.694518302369746,-0.2565007115378966,0.931529748949544,1.0,0.7965969658684395,0.810045845999535
laplacian_variance,-0.0027062066684738623,0.2640460605245307,0.24910836579018714,0.3000039268262646,0.36410141277730346,0.2640460605245307,0.06624147423029554,-0.04632700700509133,0.02697206162820026,0.10832052965121651,0.08473533788949472,0.06439195554374136,0.049200803587875284,0.9857810312523502,-0.896288312000923,-0.042804682640693564,-0.35791951369452624,-0.03421096025798572,0.9149546793106017,0.4239121820532816,-0.03421385161055318,0.6466774724339847,0.7965969658684395,1.0,0.36700139997968495
keypoint_density,0.1887907322552778,0.19060225538853143,0.16185121127941995,0.5452616506277755,0.3309882143131298,0.19060225538853143,0.2606216718533742,0.14951653896892017,0.010093005044625262,0.14846900290064124,0.23836801877737562,-0.11868448077977681,0.07068995249466506,0.44541630256596404,-0.40367903827522805,-0.30443039733879834,-0.6164305097786388,-0.3152188433146341,0.6256714438494293,0.6396492608717866,-0.31544164129641666,0.8854976801537746,0.810045845999535,0.36700139997968495,1.0
