feature_1,feature_2,correlation,absolute_correlation
std,rms_contrast,1.0,1.0
ASM,glcm_variance,0.9999970742564784,0.9999970742564784
variance,rms_contrast,0.9916801358546148,0.9916801358546148
std,variance,0.9916801358546146,0.9916801358546146
contrast,laplacian_variance,0.9857810312523502,0.9857810312523502
energy,ASM,0.9832725534037368,0.9832725534037368
energy,glcm_variance,0.9832563896448471,0.9832563896448471
mean,mean_green,0.9620426031639695,0.9620426031639695
entropy,glcm_entropy,0.9572019103716815,0.9572019103716815
homogeneity,glcm_entropy,-0.9505072854963844,0.9505072854963844
contrast,dissimilarity,0.9446930233814382,0.9446930233814382
dissimilarity,gradient,0.9353583106362126,0.9353583106362126
edge_density,gradient,0.931529748949544,0.931529748949544
mean_blue,mean_value,0.9158517431671996,0.9158517431671996
dissimilarity,laplacian_variance,0.9149546793106017,0.9149546793106017
mean_green,mean_value,0.9132242252658687,0.9132242252658687
contrast,correlation,-0.912543302919197,0.912543302919197
