rank,target,feature,random_forest_importance,permutation_importance_mean,permutation_importance_std,held_out_r2,normalized_importance
1,ssim,edge_density,0.46389212770030824,0.008222041802772426,0.0007243058711557946,0.7703497922020727,0.7213032432407196
2,ssim,energy,0.08055636107525167,0.0009141890433528402,0.00015398540265419277,0.7703497922020727,0.08019997194409617
3,ssim,ASM,0.07648255986602354,0.0008074716434652949,0.0001210590903916059,0.7703497922020727,0.07083786840636573
4,ssim,entropy,0.05495753905674894,0.00045125726148176614,0.00011769140683136206,0.7703497922020727,0.039587894838112946
5,ssim,gradient,0.05098415790746381,0.0002458310919584844,8.604081454559327e-05,0.7703497922020727,0.021566268838388962
6,ssim,mean_blue,0.031130429830190206,0.00014664794613325127,9.991028141974124e-05,0.7703497922020727,0.012865130304352972
7,ssim,homogeneity,0.035658860838718415,0.00011025763167491149,4.5412766712205347e-05,0.7703497922020727,0.0096726809747352
8,ssim,keypoint_density,0.03472355969812978,0.00010112306599666595,3.9602493993642526e-05,0.7703497922020727,0.00887132384139003
9,ssim,glcm_variance,0.016210360655050396,5.827234484345797e-05,2.9391350691815516e-05,0.7703497922020727,0.005112115984700405
10,ssim,mean_value,0.032277495953206496,4.910028750851085e-05,6.160352483584824e-05,0.7703497922020727,0.004307469783478664
11,ssim,red_ratio,0.008468234817050833,4.798099291355457e-05,1.1537862001836604e-05,0.7703497922020727,0.004209276312702155
12,ssim,mean_green,0.022874108701956584,4.3372751866089554e-05,4.1397983455499136e-05,0.7703497922020727,0.0038050045645275452
13,ssim,mean_saturation,0.00815157028626439,3.757473569530332e-05,1.7918729161856166e-05,0.7703497922020727,0.003296356230127195
14,ssim,correlation,0.007267941270270315,3.171993215384189e-05,6.090738311642854e-06,0.7703497922020727,0.0027827260535487476
15,ssim,dissimilarity,0.019979937577779605,2.189193880051269e-05,2.7002961531489443e-05,0.7703497922020727,0.0019205359005001175
16,ssim,dynamic_range,0.0055496123470843255,1.9955080942808938e-05,1.2960666466163302e-05,0.7703497922020727,0.0017506192437899916
17,ssim,mean,0.006311214367879063,1.9824322718932796e-05,8.504893290639518e-06,0.7703497922020727,0.0017391480869624438
18,ssim,std,0.002948197578987451,1.830775570528945e-05,4.965016515526942e-06,0.7703497922020727,0.001606102703373664
19,ssim,contrast,0.004940672106364286,1.7197890390531228e-05,6.111540016815436e-06,0.7703497922020727,0.001508736444444459
20,ssim,rms_contrast,0.0028124694340142106,1.4484898846556324e-05,4.280536424734074e-06,0.7703497922020727,0.0012707311354841113
21,ssim,colorfulness,0.00855494631786173,1.2603393850388593e-05,9.493395950907345e-06,0.7703497922020727,0.0011056704743413058
22,ssim,laplacian_variance,0.005223378368833903,4.8322754211586365e-06,4.588994087073697e-06,0.7703497922020727,0.00042392583461918617
23,ssim,glcm_entropy,0.013017858161317255,1.1439195255735431e-06,3.94541626796596e-06,0.7703497922020727,0.00010035376656980247
24,ssim,mean_red,0.004305858401329421,-8.682904011659241e-07,2.1970712516641904e-06,0.7703497922020727,-7.617337608580165e-05
25,ssim,variance,0.0027205476819149,-9.195663991003709e-07,3.117103943111389e-06,0.7703497922020727,-8.067171658293335e-05
