rank,feature,ssim_importance,psnr_importance,combined_importance
1,edge_density,0.7213032432407196,0.0037668427068702983,0.36253504297379496
2,energy,0.08019997194409617,0.31519070033203256,0.19769533613806436
3,ASM,0.07083786840636573,0.30021097494630655,0.18552442167633615
4,std,0.001606102703373664,0.06104405336457514,0.031325078033974406
5,red_ratio,0.004209276312702155,0.05412017845676457,0.02916472738473336
6,entropy,0.039587894838112946,0.011075580943256528,0.025331737890684738
7,variance,-8.067171658293335e-05,0.04660627794647835,0.023262803114947706
8,rms_contrast,0.0012707311354841113,0.04459584667434005,0.022933288904912082
9,gradient,0.021566268838388962,0.00978381124509523,0.015675040041742097
10,mean_blue,0.012865130304352972,0.011339585430898663,0.012102357867625818
11,mean_value,0.004307469783478664,0.018999040820683412,0.011653255302081039
12,keypoint_density,0.00887132384139003,0.008261434332951918,0.008566379087170974
13,mean_green,0.0038050045645275452,0.011979912947275512,0.007892458755901529
14,mean_red,-7.617337608580165e-05,0.01380785831776718,0.006865842470840689
15,dynamic_range,0.0017506192437899916,0.011577986507518399,0.006664302875654195
16,mean_saturation,0.003296356230127195,0.0060741999283867336,0.004685278079256964
17,mean,0.0017391480869624438,0.007548506224702029,0.0046438271558322365
18,laplacian_variance,0.00042392583461918617,0.006393724064462568,0.003408824949540877
19,colorfulness,0.0011056704743413058,0.005046307332646661,0.0030759889034939836
20,glcm_entropy,0.00010035376656980247,0.003012946686751964,0.0015566502266608833
21,glcm_variance,0.005112115984700405,-0.002437621628434756,0.0013372471781328244
22,correlation,0.0027827260535487476,-0.0016547644076400545,0.0005639808229543465
23,dissimilarity,0.0019205359005001175,-0.0008650848730616809,0.0005277255137192184
24,contrast,0.001508736444444459,-0.008053049686721233,-0.0032721566211383873
25,homogeneity,0.0096726809747352,-0.036553710194377816,-0.013440514609821309
